vibration,strain,temperature,status
4.95,174.2,35.6,Damaged
5.06,239.9,31.3,Damaged
1.63,87.9,31.5,Healthy
2.69,106.7,24.3,Healthy
2.47,35.9,36.1,Healthy
0.74,112.3,21.6,Healthy
6.15,256.1,41.2,Damaged
0.9,132.4,19.4,Healthy
5.48,158.6,24.4,Damaged
2.34,80.3,28.2,Healthy
2.21,99.6,31.5,Healthy
3.7,256.6,40.3,Damaged
1.42,116.5,30.3,Healthy
3.65,163.1,31.3,Damaged
2.05,93.8,20.4,Healthy
5.52,203.6,26.8,Damaged
1.72,236.2,28.4,Damaged
0.93,118.7,32.0,Healthy
2.3,134.7,32.4,Healthy
1.53,100.6,37.7,Healthy
4.98,199.8,43.7,Damaged
7.41,127.6,30.6,Damaged
7.32,258.1,42.0,Damaged
6.88,190.6,37.4,Damaged
6.21,156.7,15.8,Damaged
1.61,83.6,15.2,Healthy
6.09,268.3,49.5,Damaged
4.9,147.4,41.2,Damaged
5.28,229.0,22.4,Damaged
5.4,192.3,22.9,Damaged
4.5,186.8,35.8,Damaged
2.26,55.7,31.9,Healthy
4.94,237.1,30.2,Damaged
3.08,182.4,45.7,Damaged
3.42,123.2,27.4,Healthy
1.41,138.9,18.2,Healthy
2.48,104.6,25.9,Healthy
2.54,53.7,15.8,Healthy
6.25,148.2,40.4,Damaged
1.86,76.4,23.6,Healthy
6.2,191.4,46.2,Damaged
1.76,95.1,31.1,Healthy
6.53,189.4,21.4,Damaged
1.37,82.6,29.8,Healthy
2.07,196.4,44.3,Damaged
1.79,126.8,19.4,Healthy
1.52,47.6,20.9,Healthy
1.66,142.5,30.6,Healthy
1.98,61.3,32.9,Healthy
4.7,312.2,54.4,Damaged
2.13,107.5,34.0,Healthy
2.81,51.1,23.8,Healthy
6.6,224.9,44.2,Damaged
6.66,184.3,27.4,Damaged
2.04,107.0,34.3,Healthy
2.69,65.7,31.2,Healthy
0.57,97.3,29.6,Healthy
1.79,103.8,37.4,Healthy
2.28,69.8,25.6,Healthy
5.55,259.5,54.1,Damaged
2.38,105.4,26.2,Healthy
2.0,85.8,20.8,Healthy
1.35,129.1,31.7,Healthy
2.5,144.0,33.8,Healthy
1.49,86.4,20.2,Healthy
1.2,94.1,22.2,Healthy
1.65,52.7,23.7,Healthy
2.28,246.7,44.0,Damaged
4.73,219.6,60.0,Damaged
1.64,101.5,32.7,Healthy
2.69,68.9,21.6,Healthy
1.35,70.4,30.1,Healthy
1.99,116.1,26.7,Healthy
1.36,60.9,35.7,Healthy
0.9,93.7,44.7,Healthy
4.62,105.8,34.0,Damaged
3.6,83.2,31.1,Healthy
1.34,79.1,29.7,Healthy
1.82,107.4,29.4,Healthy
6.92,251.1,44.7,Damaged
4.86,312.3,29.9,Damaged
1.6,88.0,27.1,Healthy
1.25,81.1,22.8,Healthy
1.82,105.4,34.2,Healthy
2.42,95.7,27.5,Healthy
2.75,133.2,17.0,Healthy
1.15,73.5,28.1,Healthy
7.95,259.7,35.4,Damaged
1.14,100.2,21.8,Healthy
6.62,209.9,47.6,Damaged
4.61,181.8,30.2,Damaged
1.34,46.8,26.9,Healthy
1.38,87.0,34.2,Healthy
5.51,155.2,29.2,Damaged
4.03,191.5,39.9,Damaged
2.58,144.8,29.8,Healthy
1.12,61.8,35.5,Healthy
0.82,154.3,28.4,Healthy
5.58,250.7,30.9,Damaged
2.63,92.5,28.1,Healthy
4.71,184.6,17.2,Damaged
2.57,185.8,29.0,Healthy
6.43,304.3,36.9,Damaged
1.35,164.5,51.1,Damaged
1.67,60.9,35.4,Healthy
0.77,145.4,28.0,Healthy
2.48,103.4,28.6,Healthy
4.35,175.9,42.8,Damaged
0.8,69.0,23.1,Healthy
1.78,67.7,20.9,Healthy
1.13,75.4,22.9,Healthy
5.0,182.0,30.4,Damaged
1.29,102.8,29.6,Healthy
1.95,102.7,21.2,Healthy
2.21,141.8,39.4,Healthy
2.28,85.7,23.4,Healthy
1.86,111.3,29.7,Healthy
1.63,76.0,25.8,Healthy
2.01,95.9,23.7,Healthy
4.66,168.4,49.4,Damaged
4.12,173.3,43.5,Damaged
2.57,195.3,24.4,Damaged
5.6,179.8,29.0,Damaged
1.28,50.6,28.6,Healthy
2.71,76.2,24.7,Healthy
3.82,243.5,43.0,Damaged
5.79,257.6,35.9,Damaged
3.59,26.3,21.4,Healthy
5.88,174.9,42.9,Damaged
1.31,93.6,34.4,Healthy
5.51,208.4,45.0,Damaged
1.86,42.5,16.9,Healthy
5.07,229.6,24.3,Damaged
7.19,241.2,42.0,Damaged
2.97,71.7,23.7,Healthy
1.41,98.4,21.7,Healthy
2.87,79.0,22.0,Healthy
2.02,99.9,25.9,Healthy
5.62,191.8,41.6,Damaged
1.11,67.4,23.3,Healthy
6.04,237.2,40.6,Damaged
0.79,98.4,34.4,Healthy
6.21,143.5,43.4,Damaged
1.93,53.2,23.9,Healthy
1.97,118.0,22.4,Healthy
4.78,222.6,42.9,Damaged
2.22,19.1,19.5,Healthy
8.97,235.6,37.7,Damaged
1.23,109.0,26.9,Healthy
2.07,62.9,26.7,Healthy
7.06,222.5,43.9,Damaged
7.84,210.0,28.3,Damaged
4.91,206.5,34.0,Damaged
3.97,224.4,46.5,Damaged
0.66,151.7,20.4,Healthy
3.82,262.7,26.7,Damaged
2.52,196.6,22.6,Damaged
2.38,75.2,24.7,Healthy
2.03,68.8,34.7,Healthy
1.59,87.0,27.6,Healthy
2.89,58.0,24.4,Healthy
1.47,70.5,25.7,Healthy
6.95,221.4,30.2,Damaged
5.8,138.0,48.7,Damaged
1.51,117.7,25.0,Healthy
1.92,109.1,20.2,Healthy
4.8,248.2,38.0,Damaged
3.65,204.3,42.6,Damaged
5.55,178.1,31.9,Damaged
1.21,94.0,25.9,Healthy
0.96,84.8,22.1,Healthy
5.6,193.9,38.7,Damaged
2.45,58.6,33.3,Healthy
1.43,84.5,30.4,Healthy
1.87,108.4,33.6,Healthy
2.4,111.0,16.4,Healthy
6.16,229.6,54.3,Damaged
1.43,59.5,39.0,Healthy
0.68,154.7,34.2,Healthy
5.71,223.8,22.0,Damaged
2.12,81.6,25.1,Healthy
2.24,141.8,29.1,Healthy
2.54,85.8,25.2,Healthy
1.79,46.6,32.7,Healthy
7.52,205.2,34.6,Damaged
1.94,115.4,27.0,Healthy
2.7,277.0,34.8,Damaged
1.38,85.4,24.9,Healthy
4.38,162.3,36.6,Damaged
5.05,274.3,28.6,Damaged
0.76,63.4,24.5,Healthy
1.55,67.4,17.8,Healthy
6.24,236.2,48.4,Damaged
2.53,232.4,32.0,Damaged
5.85,199.1,50.3,Damaged
1.23,37.8,30.9,Healthy
7.39,210.0,30.6,Damaged
2.02,106.6,20.6,Healthy
3.64,81.1,30.2,Healthy
2.24,63.0,29.8,Healthy
4.48,228.0,58.2,Damaged
3.11,76.4,35.0,Healthy
3.24,91.7,24.8,Healthy
1.72,125.9,31.1,Healthy
5.33,168.7,30.8,Damaged
6.4,290.8,30.3,Damaged
1.95,111.8,34.1,Healthy
0.81,104.0,28.8,Healthy
2.83,115.0,37.0,Healthy
1.41,138.4,28.0,Healthy
0.96,111.3,16.5,Healthy
7.98,218.7,28.3,Damaged
1.31,89.3,24.6,Healthy
5.22,182.4,24.4,Damaged
1.76,158.7,26.2,Healthy
1.97,72.5,28.0,Healthy
6.88,148.2,14.1,Damaged
0.19,141.4,24.1,Healthy
5.26,245.7,42.7,Damaged
1.84,117.5,26.0,Healthy
4.28,181.5,51.6,Damaged
6.44,165.8,43.5,Damaged
1.82,103.6,25.1,Healthy
1.81,125.9,26.1,Healthy
1.46,96.0,30.8,Healthy
2.15,112.8,26.9,Healthy
1.38,73.3,31.2,Healthy
1.21,100.3,35.4,Healthy
5.07,211.5,35.4,Damaged
7.06,185.2,34.0,Damaged
4.77,149.8,31.7,Damaged
0.97,135.9,22.9,Healthy
1.92,146.2,32.5,Healthy
5.65,271.9,22.8,Damaged
2.71,96.0,43.9,Damaged
4.43,188.5,30.6,Damaged
5.86,201.8,38.3,Damaged
4.72,194.7,52.4,Damaged
5.83,222.0,26.2,Damaged
5.52,203.3,42.8,Damaged
1.25,126.6,33.3,Healthy
3.96,215.9,41.0,Damaged
2.49,118.5,20.8,Healthy
1.64,107.2,25.2,Healthy
1.75,115.8,17.9,Healthy
1.98,83.4,31.2,Healthy
4.21,112.0,37.5,Damaged
3.28,224.4,33.2,Damaged
5.96,173.3,56.1,Damaged
2.57,56.4,25.0,Healthy
5.11,272.3,35.4,Damaged
2.81,112.8,32.8,Healthy
2.22,233.5,39.9,Damaged
1.11,146.5,30.4,Healthy
7.27,216.3,21.8,Damaged
4.84,197.4,43.1,Damaged
2.15,108.3,26.5,Healthy
2.38,44.2,32.3,Healthy
5.84,218.0,19.1,Damaged
4.84,212.3,45.9,Damaged
5.32,240.9,41.9,Damaged
0.38,125.7,29.4,Healthy
1.61,151.8,21.5,Healthy
6.45,129.3,38.5,Damaged
6.28,247.3,30.4,Damaged
3.72,263.8,19.6,Damaged
1.85,73.4,15.9,Healthy
2.16,71.3,31.0,Healthy
5.16,177.7,33.5,Damaged
1.23,90.6,35.0,Healthy
1.69,101.2,28.4,Healthy
2.03,107.1,28.7,Healthy
2.23,106.3,33.8,Healthy
4.17,189.2,39.0,Damaged
2.07,124.9,23.1,Healthy
4.73,177.2,35.1,Damaged
4.61,200.9,20.2,Damaged
4.54,191.3,26.7,Damaged
1.81,62.9,19.5,Healthy
5.35,301.9,34.8,Damaged
3.46,255.3,22.3,Damaged
4.18,203.7,24.9,Damaged
5.83,199.4,31.9,Damaged
0.71,75.5,20.5,Healthy
1.34,103.6,30.0,Healthy
2.14,59.3,29.3,Healthy
1.18,92.4,26.8,Healthy
4.65,309.6,29.1,Damaged
2.05,102.8,36.7,Healthy
3.87,169.8,36.7,Damaged
1.11,126.3,21.0,Healthy
6.51,238.8,43.3,Damaged
1.78,95.9,40.4,Healthy
6.29,213.3,32.0,Damaged
1.92,102.1,29.2,Healthy
3.74,256.2,26.8,Damaged
1.82,95.4,24.0,Healthy
5.65,153.4,42.9,Damaged
6.89,186.1,37.4,Damaged
1.49,61.9,29.5,Healthy
0.31,111.2,25.9,Healthy
2.5,104.7,27.0,Healthy
5.67,124.1,33.4,Damaged
4.18,287.0,53.6,Damaged
1.1,84.4,27.1,Healthy
2.87,92.3,28.5,Healthy
4.9,202.7,32.2,Damaged
4.69,259.6,46.0,Damaged
3.03,138.7,34.5,Healthy
1.85,87.4,31.0,Healthy
0.57,108.0,33.0,Healthy
4.38,165.5,32.1,Damaged
2.76,30.7,34.9,Healthy
1.84,75.3,33.7,Healthy
5.7,170.5,30.2,Damaged
3.03,124.9,35.7,Healthy
2.23,117.1,35.7,Healthy
1.93,129.5,27.0,Healthy
0.74,139.3,18.9,Healthy
5.91,233.0,50.3,Damaged
6.08,207.6,37.1,Damaged
3.86,151.8,41.6,Damaged
0.0,43.1,31.1,Healthy
2.27,84.9,25.7,Healthy
1.96,110.2,23.4,Healthy
3.97,147.2,26.4,Damaged
2.44,135.1,22.1,Healthy
6.26,222.1,27.1,Damaged
0.93,163.2,23.5,Healthy
2.21,83.3,26.1,Healthy
6.43,169.9,43.5,Damaged
2.55,85.2,26.8,Healthy
3.69,255.1,54.8,Damaged
5.11,232.8,43.7,Damaged
1.34,85.0,32.3,Healthy
5.46,232.1,29.4,Damaged
0.49,125.6,28.7,Healthy
3.52,69.3,30.0,Healthy
1.56,98.8,22.3,Healthy
3.39,78.0,26.7,Healthy
1.99,119.9,26.9,Healthy
1.83,98.5,30.5,Healthy
5.61,261.9,34.1,Damaged
6.97,172.6,37.9,Damaged
4.62,224.5,35.1,Damaged
3.52,219.6,69.5,Damaged
0.43,118.2,19.7,Healthy
2.03,84.7,19.6,Healthy
3.31,126.4,22.0,Healthy
5.56,166.2,49.0,Damaged
3.1,146.4,28.4,Healthy
1.69,141.1,30.7,Healthy
2.2,84.3,17.4,Healthy
4.38,205.0,45.0,Damaged
7.27,221.6,21.9,Damaged
1.17,60.8,34.6,Healthy
2.31,108.9,29.0,Healthy
5.99,281.5,46.9,Damaged
1.96,145.6,19.0,Healthy
1.21,82.2,23.2,Healthy
1.95,81.2,29.9,Healthy
4.73,148.5,50.5,Damaged
2.65,220.1,47.9,Damaged
5.97,250.3,20.0,Damaged
7.61,207.8,32.1,Damaged
6.73,167.8,36.7,Damaged
1.44,88.6,23.4,Healthy
2.53,131.2,32.8,Healthy
2.04,88.6,32.8,Healthy
3.64,265.3,47.7,Damaged
1.3,69.9,35.2,Healthy
6.29,139.4,49.3,Damaged
4.55,275.3,54.4,Damaged
4.51,134.3,41.6,Damaged
4.88,193.1,42.5,Damaged
1.46,147.0,13.8,Healthy
5.25,181.5,38.1,Damaged
3.99,223.6,26.1,Damaged
6.61,265.7,49.7,Damaged
3.7,115.5,29.4,Healthy
2.92,121.4,45.2,Damaged
6.82,221.6,39.6,Damaged
5.61,216.5,40.0,Damaged
4.91,203.8,25.2,Damaged
1.99,100.0,22.6,Healthy
2.08,62.4,33.8,Healthy
4.02,181.3,41.1,Damaged
5.67,225.1,7.9,Damaged
0.79,91.0,17.4,Healthy
5.04,179.6,38.2,Damaged
3.51,87.5,33.1,Healthy
6.35,297.9,41.6,Damaged
7.48,246.9,27.2,Damaged
1.2,127.9,33.2,Healthy
2.47,267.4,53.1,Damaged
2.87,36.9,20.9,Healthy
2.41,93.8,27.9,Healthy
3.8,130.3,47.9,Damaged
5.62,232.2,33.0,Damaged
2.6,128.9,21.6,Healthy
3.39,213.5,32.5,Damaged
1.01,114.5,30.6,Healthy
3.73,192.0,51.7,Damaged
4.66,167.3,43.2,Damaged
2.18,47.9,25.0,Healthy
1.43,87.5,25.2,Healthy
1.72,98.0,23.2,Healthy
1.82,122.7,32.9,Healthy
2.52,87.5,33.0,Healthy
5.86,193.3,17.4,Damaged
6.23,296.4,29.5,Damaged
2.38,68.4,27.2,Healthy
4.49,169.3,40.2,Damaged
1.75,73.9,27.9,Healthy
1.55,77.2,25.6,Healthy
2.61,2.4,22.9,Healthy
0.81,132.0,31.2,Healthy
5.55,157.2,27.0,Damaged
2.56,74.1,25.7,Healthy
4.15,231.2,44.5,Damaged
2.94,131.5,12.4,Healthy
2.45,68.0,19.0,Healthy
2.43,89.4,31.0,Healthy
1.17,81.7,32.1,Healthy
1.66,166.6,33.9,Damaged
4.75,172.6,40.0,Damaged
7.66,186.6,43.2,Damaged
1.93,101.8,28.1,Healthy
1.69,60.5,24.0,Healthy
5.46,166.4,34.6,Damaged
1.94,104.5,29.8,Healthy
1.11,91.1,11.8,Healthy
2.35,85.6,33.7,Healthy
1.39,72.0,30.7,Healthy
2.06,127.1,31.2,Healthy
2.04,128.4,30.6,Healthy
4.71,289.3,43.9,Damaged
1.1,53.7,23.3,Healthy
1.18,88.6,30.6,Healthy
5.15,186.3,41.1,Damaged
6.54,154.2,50.7,Damaged
2.59,83.9,22.0,Healthy
4.5,147.4,32.6,Healthy
2.56,219.5,28.4,Damaged
1.96,140.5,28.8,Healthy
5.84,207.1,18.9,Damaged
6.03,139.0,21.1,Damaged
3.09,87.0,21.5,Healthy
3.62,265.8,33.8,Damaged
3.59,229.3,16.3,Damaged
0.8,99.0,29.8,Healthy
1.83,56.9,24.7,Healthy
1.0,100.4,22.5,Healthy
2.58,130.2,30.7,Healthy
1.92,62.2,20.5,Healthy
5.95,189.5,26.1,Damaged
3.33,174.4,31.7,Damaged
6.91,78.2,27.8,Damaged
1.48,80.8,24.1,Healthy
0.88,42.7,26.8,Healthy
0.6,46.9,44.9,Healthy
2.91,117.5,18.3,Healthy
2.37,96.7,17.7,Healthy
1.01,34.0,21.5,Healthy
1.45,50.0,28.8,Healthy
2.29,126.8,22.9,Healthy
1.49,120.7,28.2,Healthy
3.57,281.5,41.0,Damaged
2.62,97.2,31.1,Healthy
5.02,252.0,28.2,Damaged
1.45,59.3,38.8,Healthy
5.88,295.4,40.8,Damaged
1.17,48.9,27.1,Healthy
3.26,102.4,25.4,Healthy
2.31,96.0,23.4,Healthy
3.96,71.8,31.0,Healthy
3.25,53.3,18.9,Healthy
2.88,137.2,18.0,Healthy
1.39,47.3,30.6,Healthy
1.16,155.0,30.0,Healthy
6.05,187.6,32.5,Damaged
1.85,79.9,31.4,Healthy
1.29,95.8,23.8,Healthy
3.93,209.7,46.4,Damaged
1.12,95.8,38.2,Healthy
1.87,81.6,32.3,Healthy
0.97,106.3,33.3,Healthy
4.1,172.8,27.1,Damaged
5.07,264.8,23.2,Damaged
0.25,109.4,35.7,Healthy
2.4,30.2,27.1,Healthy
5.68,203.3,24.7,Damaged
6.99,195.8,22.7,Damaged
8.39,221.6,41.2,Damaged
4.21,257.9,33.8,Damaged
1.47,166.7,21.4,Healthy
1.3,112.1,32.2,Healthy
2.07,87.6,33.4,Healthy
6.05,187.6,19.6,Damaged
4.35,192.6,37.0,Damaged
0.61,78.4,24.6,Healthy
5.47,192.1,45.0,Damaged
0.75,76.3,31.1,Healthy
2.01,143.9,25.4,Healthy
1.93,96.7,27.2,Healthy
4.38,241.2,38.5,Damaged
3.11,89.2,14.2,Healthy
1.85,84.4,25.5,Healthy
2.3,89.2,19.5,Healthy
4.62,121.0,37.9,Damaged
2.02,121.2,20.1,Healthy
1.4,70.7,31.0,Healthy
5.63,171.7,40.0,Damaged
6.68,160.2,41.0,Damaged
5.34,267.6,33.5,Damaged
1.14,118.0,19.0,Healthy
1.61,135.0,22.4,Healthy
1.17,101.7,17.4,Healthy
5.4,203.2,44.1,Damaged
6.0,270.8,45.3,Damaged
4.65,166.1,32.7,Damaged
4.03,173.8,66.1,Damaged
6.1,249.6,41.8,Damaged
1.09,76.0,28.4,Healthy
1.53,64.7,18.8,Healthy
2.12,96.0,25.8,Healthy
2.16,58.1,41.6,Healthy
2.24,129.4,30.3,Healthy
2.05,42.2,33.2,Healthy
0.07,102.0,14.1,Healthy
4.56,173.4,40.8,Damaged
1.43,83.4,24.2,Healthy
3.91,270.6,23.8,Damaged
5.92,206.1,30.2,Damaged
1.96,86.4,24.8,Healthy
5.4,233.9,51.3,Damaged
6.45,170.2,23.7,Damaged
2.22,200.4,52.2,Damaged
5.98,265.4,14.1,Damaged
1.65,93.2,29.0,Healthy
4.17,192.1,34.5,Damaged
5.75,151.8,32.8,Damaged
1.3,97.0,26.4,Healthy
1.09,101.8,16.8,Healthy
7.53,171.5,27.4,Damaged
6.85,210.8,47.6,Damaged
2.06,107.8,27.4,Healthy
1.41,45.6,11.4,Healthy
1.26,94.3,39.5,Healthy
1.33,167.4,30.6,Healthy
2.15,95.1,11.2,Healthy
4.7,129.6,27.2,Damaged
1.73,43.1,30.3,Healthy
7.76,268.6,43.9,Damaged
0.37,140.1,23.8,Healthy
2.24,118.9,31.3,Healthy
2.03,64.9,11.6,Healthy
7.51,168.8,28.3,Damaged
4.55,229.3,59.8,Damaged
1.97,97.5,36.7,Healthy
1.23,104.3,9.4,Healthy
1.15,15.0,32.1,Healthy
2.55,76.9,35.7,Healthy
3.51,192.3,46.6,Damaged
1.77,60.0,23.4,Healthy
2.37,96.7,33.5,Healthy
1.38,90.6,24.6,Healthy
1.89,86.3,28.6,Healthy
2.14,97.2,22.3,Healthy
1.63,135.6,33.0,Healthy
2.08,128.7,16.3,Healthy
0.94,121.4,27.6,Healthy
2.58,211.8,33.4,Damaged
3.23,228.8,45.8,Damaged
1.47,139.0,8.9,Healthy
4.32,149.0,45.7,Damaged
2.16,104.2,27.0,Healthy
0.95,86.1,30.3,Healthy
2.24,130.9,31.9,Healthy
3.9,206.6,45.5,Damaged
7.39,233.5,26.5,Damaged
2.67,113.8,33.4,Healthy
5.98,201.2,48.5,Damaged
5.54,197.2,43.4,Damaged
6.17,225.2,47.3,Damaged
1.65,90.4,30.0,Healthy
2.19,111.6,28.5,Healthy
7.48,152.6,35.8,Damaged
2.87,128.4,17.9,Healthy
5.52,216.3,39.1,Damaged
2.33,62.0,28.9,Healthy
2.22,99.3,31.7,Healthy
1.64,91.4,17.5,Healthy
3.03,291.3,38.9,Damaged
1.66,107.6,21.8,Healthy
6.84,252.8,33.4,Damaged
1.94,73.1,25.8,Healthy
2.17,95.4,30.0,Healthy
2.15,85.5,23.9,Healthy
1.25,53.2,28.5,Healthy
2.41,65.5,23.7,Healthy
2.24,78.2,25.2,Healthy
2.0,119.3,24.8,Healthy
5.4,195.3,27.0,Damaged
2.75,210.8,59.0,Damaged
1.51,78.8,21.3,Healthy
3.92,176.7,46.5,Damaged
1.75,98.5,22.2,Healthy
6.45,218.1,39.5,Damaged
2.41,159.6,17.4,Healthy
2.71,81.2,31.4,Healthy
0.35,103.1,38.9,Healthy
1.71,154.4,25.9,Healthy
5.31,141.0,24.1,Damaged
0.91,49.6,27.3,Healthy
3.96,205.3,48.7,Damaged
2.25,91.9,23.1,Healthy
1.98,168.1,18.8,Healthy
2.53,136.3,26.5,Healthy
2.62,110.1,26.2,Healthy
5.24,217.9,40.9,Damaged
1.23,197.2,33.2,Damaged
6.91,253.1,33.7,Damaged
1.05,67.4,34.4,Healthy
1.77,84.6,26.2,Healthy
1.67,123.2,30.9,Healthy
5.87,177.2,27.5,Damaged
3.93,152.2,39.1,Damaged
1.75,69.7,33.2,Healthy
3.08,115.2,18.8,Healthy
2.6,76.9,28.6,Healthy
5.45,216.3,30.3,Damaged
2.59,96.5,22.4,Healthy
3.65,151.5,38.8,Damaged
0.87,89.3,29.3,Healthy
1.2,82.5,30.0,Healthy
2.24,138.5,42.7,Healthy
1.42,67.6,31.5,Healthy
1.45,55.2,28.7,Healthy
3.94,143.7,32.4,Damaged
3.07,165.6,56.6,Damaged
2.26,228.7,37.1,Damaged
1.4,89.4,27.5,Healthy
6.38,183.6,17.6,Damaged
0.62,94.2,30.4,Healthy
4.82,205.6,9.6,Damaged
5.81,164.3,47.4,Damaged
6.28,232.3,36.9,Damaged
1.81,88.1,28.2,Healthy
0.86,117.6,29.2,Healthy
1.72,106.2,30.0,Healthy
3.12,83.2,25.6,Healthy
2.25,90.9,22.7,Healthy
2.91,49.2,28.6,Healthy
2.57,69.2,26.0,Healthy
4.4,258.3,35.5,Damaged
7.38,232.6,34.5,Damaged
5.39,220.9,45.6,Damaged
2.33,100.9,25.8,Healthy
4.52,254.8,37.8,Damaged
2.06,101.3,35.5,Healthy
7.92,177.2,26.4,Damaged
5.13,130.1,31.2,Damaged
2.56,125.6,23.2,Healthy
0.9,54.9,24.4,Healthy
1.6,145.1,24.1,Healthy
2.91,73.9,35.4,Healthy
2.92,78.8,17.8,Healthy
1.43,120.0,32.4,Healthy
2.69,69.4,24.1,Healthy
1.88,44.3,29.7,Healthy
1.22,140.3,27.6,Healthy
2.03,86.0,28.0,Healthy
2.54,69.2,21.8,Healthy
3.12,116.9,17.6,Healthy
1.65,43.3,17.1,Healthy
2.45,123.5,23.0,Healthy
2.68,86.0,32.4,Healthy
2.26,104.9,21.4,Healthy
2.35,105.7,15.1,Healthy
3.21,106.5,30.8,Healthy
1.4,131.2,32.1,Healthy
1.77,115.2,25.2,Healthy
6.57,203.2,39.6,Damaged
2.02,93.4,28.1,Healthy
1.3,57.9,20.8,Healthy
4.46,224.1,35.1,Damaged
2.2,64.8,37.0,Healthy
2.26,93.7,30.3,Healthy
3.62,207.3,51.6,Damaged
4.17,207.1,17.8,Damaged
1.87,109.0,23.2,Healthy
0.95,72.5,24.9,Healthy
4.88,173.4,41.4,Damaged
2.75,89.9,25.4,Healthy
1.65,85.2,34.2,Healthy
4.62,302.2,28.1,Damaged
5.97,203.2,28.3,Damaged
6.68,148.3,44.8,Damaged
4.56,248.8,57.2,Damaged
1.46,109.3,26.2,Healthy
3.09,46.3,28.9,Healthy
1.31,82.6,24.4,Healthy
1.62,92.0,22.4,Healthy
2.22,61.4,22.0,Healthy
1.92,112.0,29.1,Healthy
1.88,95.4,27.0,Healthy
1.58,59.7,31.9,Healthy
1.22,88.3,30.3,Healthy
2.33,105.2,20.4,Healthy
2.81,24.8,25.8,Healthy
3.04,74.9,30.9,Healthy
1.05,80.4,23.2,Healthy
4.74,111.2,42.2,Damaged
0.46,129.5,37.4,Healthy
1.72,109.5,23.7,Healthy
5.09,240.7,11.0,Damaged
0.84,123.2,15.6,Healthy
1.44,105.4,31.2,Healthy
1.33,52.5,19.8,Healthy
1.24,70.5,33.6,Healthy
4.56,293.6,38.0,Damaged
4.87,215.5,33.2,Damaged
4.67,284.4,42.2,Damaged
4.05,156.8,23.8,Damaged
2.14,152.3,32.2,Healthy
1.57,46.1,29.8,Healthy
2.92,208.4,40.4,Damaged
1.65,113.6,32.8,Healthy
3.4,201.9,46.0,Damaged
2.08,101.8,29.7,Healthy
1.01,125.2,29.5,Healthy
3.51,114.0,41.8,Damaged
1.71,110.3,16.6,Healthy
2.09,56.4,27.5,Healthy
3.04,137.8,25.0,Healthy
1.39,70.1,30.8,Healthy
2.06,13.4,21.6,Healthy
1.93,84.4,18.7,Healthy
2.48,65.9,24.9,Healthy
1.98,109.2,36.6,Healthy
2.29,124.2,32.5,Healthy
2.49,102.7,32.5,Healthy
2.89,58.4,28.1,Healthy
5.26,163.8,32.0,Damaged
1.56,91.8,34.0,Healthy
2.85,94.5,19.7,Healthy
0.0,76.6,34.9,Healthy
6.39,177.8,47.4,Damaged
5.33,183.8,41.1,Damaged
5.64,209.0,44.8,Damaged
2.32,93.7,21.8,Healthy
5.07,226.8,45.6,Damaged
6.82,212.1,49.8,Damaged
0.61,120.9,21.5,Healthy
2.47,56.9,24.4,Healthy
2.24,118.9,43.6,Healthy
2.33,159.9,22.6,Damaged
0.8,106.9,26.2,Healthy
1.88,91.2,36.9,Healthy
0.98,75.5,23.3,Healthy
7.06,215.0,32.6,Damaged
1.54,49.3,18.7,Healthy
2.08,64.6,27.9,Healthy
5.5,185.9,40.2,Damaged
4.94,272.4,34.9,Damaged
2.88,69.6,25.7,Healthy
1.53,60.0,26.5,Healthy
3.52,105.0,18.6,Healthy
1.06,24.0,28.7,Healthy
5.14,263.1,23.0,Damaged
1.44,49.0,25.9,Healthy
2.27,45.5,27.6,Healthy
1.41,79.0,18.3,Healthy
1.88,99.0,27.5,Healthy
2.21,80.7,29.8,Healthy
6.2,173.5,38.3,Damaged
5.74,225.2,32.4,Damaged
4.78,250.0,47.6,Damaged
1.59,17.3,25.7,Healthy
1.23,89.9,26.8,Healthy
1.78,114.0,37.2,Healthy
2.83,61.0,19.6,Healthy
1.08,101.8,24.5,Healthy
4.37,260.5,47.5,Damaged
1.02,41.5,25.6,Healthy
4.52,259.8,40.4,Damaged
4.91,230.6,37.2,Damaged
2.94,71.6,27.1,Healthy
2.3,82.8,27.2,Healthy
1.63,71.9,24.0,Healthy
7.01,110.2,27.6,Damaged
6.66,257.8,34.8,Damaged
4.9,143.4,13.7,Damaged
1.48,106.1,21.3,Healthy
6.7,172.3,45.0,Damaged
3.97,235.8,45.6,Damaged
7.3,234.1,22.1,Damaged
1.69,110.9,26.4,Healthy
2.85,134.3,20.1,Healthy
5.41,203.2,40.9,Damaged
2.3,65.2,27.2,Healthy
5.74,240.6,35.2,Damaged
7.56,140.4,53.3,Damaged
1.03,95.9,31.8,Healthy
2.26,131.8,30.6,Healthy
1.75,119.9,28.7,Healthy
4.34,199.2,32.7,Damaged
1.34,107.9,26.8,Healthy
0.67,55.7,19.1,Healthy
2.35,116.5,24.8,Healthy
4.68,165.3,48.8,Damaged
2.47,80.5,27.9,Healthy
4.49,140.6,40.8,Damaged
2.6,80.4,26.0,Healthy
5.69,220.3,35.0,Damaged
0.92,60.3,32.0,Healthy
4.96,282.4,18.6,Damaged
5.13,229.2,19.5,Damaged
2.18,154.9,32.4,Healthy
1.06,83.3,32.5,Healthy
1.46,44.9,25.0,Healthy
0.34,99.7,18.9,Healthy
1.46,120.3,22.1,Healthy
2.03,95.5,23.1,Healthy
1.4,25.4,30.5,Healthy
7.14,239.9,38.8,Damaged
2.53,172.9,40.4,Damaged
1.5,101.4,27.9,Healthy
6.91,221.9,39.9,Damaged
1.65,141.3,29.4,Healthy
3.18,89.5,29.6,Healthy
2.32,70.0,25.1,Healthy
5.93,195.3,39.8,Damaged
1.98,84.8,30.7,Healthy
3.14,106.1,21.0,Healthy
4.8,201.8,36.7,Damaged
2.51,58.0,27.3,Healthy
4.11,230.9,31.9,Damaged
1.12,64.6,21.4,Healthy
1.4,112.0,23.0,Healthy
2.82,77.2,32.7,Healthy
5.82,259.1,29.2,Damaged
0.92,151.7,25.3,Healthy
5.78,241.8,41.8,Damaged
4.45,191.4,41.9,Damaged
3.72,140.3,34.5,Damaged
2.64,122.3,30.7,Healthy
6.99,174.0,32.1,Damaged
2.34,112.4,30.1,Healthy
2.88,92.3,30.6,Healthy
2.85,105.5,27.2,Healthy
4.05,220.5,38.1,Damaged
1.6,102.6,25.1,Healthy
2.23,99.7,34.3,Healthy
2.13,77.9,25.2,Healthy
2.24,156.3,31.3,Healthy
4.48,302.4,40.1,Damaged
4.94,160.0,32.9,Damaged
6.14,229.1,19.1,Damaged
2.11,119.5,28.6,Healthy
5.35,222.9,42.9,Damaged
2.82,57.2,25.1,Healthy
5.66,212.3,46.9,Damaged
5.21,231.4,34.6,Damaged
0.67,122.4,28.6,Healthy
0.54,31.0,31.0,Healthy
2.9,207.8,46.9,Damaged
4.03,215.7,31.7,Damaged
6.24,97.8,36.6,Damaged
6.17,218.2,47.5,Damaged
2.07,94.8,27.6,Healthy
0.64,114.5,26.6,Healthy
4.0,177.6,27.1,Damaged
1.84,99.1,37.8,Healthy
7.87,235.8,43.2,Damaged
1.3,88.1,28.3,Healthy
4.85,206.2,41.6,Damaged
2.6,145.5,53.0,Damaged
2.47,116.1,22.4,Healthy
0.41,112.8,22.2,Healthy
2.17,134.3,33.8,Healthy
2.52,73.9,30.6,Healthy
6.63,163.8,28.6,Damaged
3.62,230.6,49.2,Damaged
0.35,52.4,41.2,Healthy
7.65,208.5,35.8,Damaged
1.51,37.2,28.6,Healthy
5.23,226.3,23.9,Damaged
2.13,109.4,26.4,Healthy
4.57,232.5,36.0,Damaged
1.55,108.5,35.5,Healthy
1.88,122.6,25.1,Healthy
1.87,67.9,25.6,Healthy
1.2,135.0,25.9,Healthy
6.98,269.9,32.9,Damaged
1.34,119.9,39.0,Healthy
4.32,216.4,46.8,Damaged
0.81,66.9,22.0,Healthy
2.04,34.9,18.5,Healthy
2.15,101.1,38.4,Healthy
2.16,106.7,20.3,Healthy
2.77,96.4,29.0,Healthy
1.51,101.0,24.3,Healthy
7.69,129.3,44.1,Damaged
1.63,83.7,20.5,Healthy
6.88,159.6,58.9,Damaged
1.58,103.7,25.5,Healthy
1.85,74.0,32.0,Healthy
5.08,248.6,44.8,Damaged
5.51,184.8,39.9,Damaged
3.88,255.1,20.6,Damaged
1.75,92.3,30.9,Healthy
1.76,54.9,26.2,Healthy
3.33,103.1,21.5,Healthy
5.48,162.0,34.6,Damaged
2.25,99.2,25.2,Healthy
2.13,118.6,32.3,Healthy
2.08,87.7,25.5,Healthy
1.87,96.3,30.3,Healthy
6.04,186.4,33.1,Damaged
1.2,79.5,18.7,Healthy
3.06,50.4,15.2,Healthy
2.81,231.0,46.6,Damaged
2.38,76.1,19.1,Healthy
2.03,90.3,24.2,Healthy
2.44,25.4,21.8,Healthy
1.35,47.1,24.5,Healthy
1.48,123.3,19.9,Healthy
1.85,39.9,30.0,Healthy
1.22,93.8,29.3,Healthy
5.15,231.6,33.2,Damaged
2.61,91.3,19.9,Healthy
6.13,193.3,32.2,Damaged
6.26,131.4,22.7,Damaged
0.83,70.3,18.0,Healthy
4.5,154.7,58.4,Damaged
1.1,89.4,28.2,Healthy
2.28,95.1,36.5,Healthy
2.18,95.5,30.1,Healthy
3.05,210.4,46.4,Damaged
2.09,107.1,19.6,Healthy
3.03,105.9,23.1,Healthy
2.47,79.1,30.3,Healthy
1.38,137.0,26.4,Healthy
2.15,91.7,32.0,Healthy
0.93,91.6,31.2,Healthy
7.05,258.1,47.0,Damaged
5.84,209.5,29.8,Damaged
4.78,283.3,47.1,Damaged
4.35,224.5,41.1,Damaged
1.27,100.4,33.8,Healthy
3.13,124.8,26.1,Healthy
1.61,63.7,26.6,Healthy
2.04,51.5,28.2,Healthy
1.87,135.9,23.7,Healthy
3.24,227.8,19.4,Damaged
5.46,147.5,42.9,Damaged
5.9,303.9,48.1,Damaged
2.84,69.7,32.9,Healthy
4.99,213.5,43.7,Damaged
2.9,70.4,31.7,Healthy
4.8,230.0,40.1,Damaged
1.21,37.2,21.5,Healthy
1.15,107.4,17.5,Healthy
1.78,65.9,28.4,Healthy
1.01,92.1,21.9,Healthy
3.3,82.7,33.4,Healthy
2.09,70.7,30.3,Healthy
1.58,94.5,32.0,Healthy
2.61,124.5,30.1,Healthy
1.06,102.0,24.2,Healthy
4.8,150.8,20.5,Damaged
2.28,109.2,35.2,Healthy
5.83,244.4,42.2,Damaged
7.98,273.0,38.6,Damaged
2.3,102.9,30.1,Healthy
1.92,116.2,15.7,Healthy
1.04,103.1,24.0,Healthy
1.98,121.5,19.8,Healthy
0.87,97.3,26.8,Healthy
0.49,54.1,20.3,Healthy
5.16,298.8,17.3,Damaged
5.06,224.5,57.5,Damaged
9.22,178.1,40.2,Damaged
1.94,71.8,21.1,Healthy
1.43,76.7,24.0,Healthy
2.37,33.7,20.9,Healthy
3.59,281.6,42.3,Damaged
1.42,125.9,28.0,Healthy
4.43,302.1,44.3,Damaged
5.3,313.7,50.8,Damaged
2.05,88.8,20.5,Healthy
2.28,92.5,29.0,Healthy
3.75,178.8,42.0,Damaged
1.96,86.7,22.1,Healthy
1.46,67.3,45.7,Healthy
1.36,8.9,21.6,Healthy
5.55,202.9,48.1,Damaged
1.43,118.7,35.2,Healthy
2.52,80.0,24.5,Healthy
1.91,67.4,13.7,Healthy
5.82,204.5,31.5,Damaged
1.43,72.7,19.5,Healthy
1.62,120.7,28.6,Healthy
2.38,33.3,35.4,Healthy
5.71,193.7,23.0,Damaged
1.83,138.4,29.9,Healthy
0.89,118.5,36.7,Healthy
1.47,87.0,23.0,Healthy
1.76,84.2,36.2,Healthy
1.81,43.3,33.7,Healthy
1.16,76.6,25.7,Healthy
3.57,145.4,38.4,Damaged
4.55,225.8,46.4,Damaged
1.97,83.9,27.3,Healthy
4.2,218.0,22.2,Damaged
2.63,69.2,25.4,Healthy
1.44,150.2,18.3,Healthy
1.67,129.9,31.9,Healthy
5.64,193.8,48.0,Damaged
2.61,93.1,27.5,Healthy
6.72,149.3,29.4,Damaged
0.83,71.3,28.6,Healthy
4.19,232.6,31.9,Damaged
4.12,211.6,36.8,Damaged
1.85,60.3,26.2,Healthy
1.95,59.4,20.1,Healthy
1.78,17.3,29.9,Healthy
4.68,224.8,38.5,Damaged
5.74,138.1,34.1,Damaged
4.86,166.6,52.5,Damaged
2.97,151.9,19.5,Healthy
2.4,88.9,31.5,Healthy
5.37,314.4,37.4,Damaged
1.73,73.6,32.3,Healthy
1.26,88.9,31.3,Healthy
1.4,129.5,20.9,Healthy
1.13,266.4,35.5,Damaged
1.42,92.0,39.3,Healthy
0.73,131.7,32.3,Healthy
2.82,122.6,21.8,Healthy
1.88,135.4,30.3,Healthy
1.67,142.1,16.2,Healthy
1.88,80.8,26.6,Healthy
6.29,263.2,39.0,Damaged
4.92,215.9,50.9,Damaged
2.09,84.9,37.0,Healthy
3.41,166.3,32.5,Damaged
2.16,90.8,26.9,Healthy
1.35,95.7,27.1,Healthy
3.59,224.1,11.7,Damaged
7.88,146.0,32.4,Damaged
2.54,79.4,29.3,Healthy
1.19,126.0,30.9,Healthy
1.47,96.6,27.9,Healthy
0.6,117.6,29.6,Healthy
3.29,60.3,23.7,Healthy
1.55,57.8,26.9,Healthy
1.72,236.8,22.3,Damaged
6.99,217.2,41.5,Damaged
2.11,92.6,15.5,Healthy
1.41,110.3,36.1,Healthy
2.26,78.9,28.3,Healthy
2.25,67.4,35.6,Healthy
8.58,192.2,37.4,Damaged
1.3,157.6,32.2,Healthy
1.7,139.2,23.6,Healthy
6.36,121.4,34.2,Damaged
4.98,223.2,31.1,Damaged
2.33,117.8,29.5,Healthy
6.34,203.4,32.2,Damaged
1.36,115.2,32.2,Healthy
4.93,355.9,26.7,Damaged
1.89,86.5,27.5,Healthy
4.4,212.0,51.5,Damaged
2.18,122.2,31.7,Healthy
1.85,94.0,25.7,Healthy
1.79,140.2,24.7,Healthy
7.58,249.3,32.8,Damaged
1.22,78.6,28.0,Healthy
0.37,126.6,31.7,Healthy
2.76,41.6,27.2,Healthy
1.63,88.3,15.0,Healthy
7.35,230.2,40.2,Damaged
5.98,245.2,39.1,Damaged
4.31,191.9,23.9,Damaged
6.86,177.4,22.5,Damaged
1.57,69.5,26.3,Healthy
6.48,200.0,33.1,Damaged
4.31,205.9,43.7,Damaged
2.03,108.6,25.3,Healthy
6.0,232.8,17.2,Damaged
1.96,97.8,23.1,Healthy
6.01,200.0,30.1,Damaged
3.88,242.0,48.8,Damaged
0.64,82.2,26.6,Healthy
2.04,111.7,21.2,Healthy
0.81,66.0,23.3,Healthy
3.52,217.2,37.1,Damaged
1.04,136.8,25.5,Healthy
1.51,110.2,29.5,Healthy
1.44,104.7,30.7,Healthy
1.63,103.7,28.4,Healthy
1.5,85.6,26.0,Healthy
4.45,264.9,49.5,Damaged
3.98,217.1,50.8,Damaged
2.1,107.6,34.4,Healthy
1.78,70.5,22.3,Healthy
0.51,90.7,22.7,Healthy
2.23,92.9,31.0,Damaged
0.86,83.3,28.8,Healthy
2.33,102.7,24.2,Healthy
1.81,117.4,23.5,Healthy
0.64,42.2,24.8,Healthy
1.26,127.1,29.8,Healthy
1.49,107.8,35.5,Healthy
1.84,101.0,35.9,Healthy
4.46,149.6,41.9,Damaged
3.41,112.2,27.5,Healthy
2.0,155.1,32.1,Healthy
1.48,44.2,34.6,Healthy
2.65,234.0,43.1,Damaged
4.42,173.9,33.3,Damaged
1.44,71.6,29.1,Healthy
2.48,62.3,26.7,Healthy
6.79,227.1,26.1,Damaged
1.64,95.7,16.2,Healthy
3.79,205.6,42.7,Damaged
6.4,275.4,24.3,Damaged
1.08,40.6,26.4,Healthy
7.29,216.5,40.0,Damaged
2.86,254.1,43.5,Damaged
1.74,125.7,17.6,Healthy
5.69,218.8,38.2,Damaged
4.27,115.2,17.9,Damaged
1.1,58.0,32.6,Healthy
4.83,149.3,34.8,Damaged
1.79,91.5,19.9,Healthy
6.48,152.8,36.2,Damaged
2.37,116.8,21.0,Healthy
2.01,131.4,26.7,Healthy
2.38,66.5,33.7,Healthy
2.03,82.8,23.1,Healthy
6.23,153.1,40.0,Damaged
1.81,76.6,29.5,Healthy
1.26,80.9,28.9,Healthy
7.79,231.4,34.3,Damaged
1.61,84.8,29.1,Healthy
4.15,156.2,27.0,Damaged
1.03,65.2,22.7,Healthy
2.67,99.7,29.9,Healthy
1.76,106.7,37.8,Healthy
1.87,54.4,41.5,Healthy
0.81,95.8,21.1,Healthy
0.94,102.9,23.7,Healthy
0.95,74.9,29.2,Healthy
8.02,219.7,54.7,Damaged
1.43,114.2,31.2,Healthy
5.81,165.2,31.5,Damaged
1.7,89.7,29.1,Healthy
7.94,218.8,56.6,Damaged
1.53,138.2,27.3,Healthy
1.2,59.8,29.0,Healthy
3.66,217.1,28.5,Damaged
1.57,90.5,33.7,Healthy
5.5,303.1,56.0,Damaged
2.19,54.6,33.6,Healthy
2.42,67.4,35.5,Healthy
2.01,73.5,23.4,Healthy
4.07,134.1,56.9,Damaged
2.63,35.1,33.2,Healthy
1.44,122.7,30.1,Healthy
2.3,110.8,32.2,Healthy
1.55,103.3,34.4,Healthy
4.01,157.1,41.5,Damaged
2.02,95.6,22.7,Healthy
1.4,93.6,25.3,Healthy
7.08,183.5,42.6,Damaged
6.42,307.4,51.6,Damaged
6.11,254.8,41.9,Damaged
1.49,87.9,31.8,Healthy
4.65,202.8,38.0,Damaged
4.62,206.7,18.2,Damaged
6.84,200.3,49.6,Damaged
4.21,234.8,40.1,Damaged
1.26,110.9,19.2,Healthy
2.24,79.5,21.2,Healthy
1.41,77.1,21.6,Healthy
1.07,49.6,29.5,Healthy
5.74,255.6,33.9,Damaged
4.0,226.4,48.4,Damaged
5.44,226.7,34.5,Damaged
1.12,98.1,23.3,Healthy
6.92,200.2,48.5,Damaged
2.2,69.9,31.1,Healthy
2.13,125.2,45.8,Healthy
5.31,261.6,33.0,Damaged
1.09,108.2,14.1,Healthy
2.28,212.4,22.6,Damaged
2.2,74.1,24.1,Healthy
1.94,134.8,30.0,Healthy
5.47,172.5,56.7,Damaged
2.5,186.1,37.1,Damaged
6.67,201.8,39.5,Damaged
6.07,165.9,39.9,Damaged
5.83,246.5,46.8,Damaged
0.93,42.9,13.2,Healthy
2.28,69.7,28.3,Healthy
2.56,55.6,28.1,Healthy
0.99,73.2,20.5,Healthy
0.83,80.9,21.3,Healthy
4.2,236.6,24.7,Damaged
2.28,99.9,24.1,Healthy
0.43,111.3,27.7,Healthy
0.82,167.7,39.5,Healthy
3.66,158.7,33.8,Damaged
1.4,63.5,26.5,Healthy
5.53,263.6,37.3,Damaged
6.43,160.6,50.9,Damaged
1.54,79.0,26.7,Healthy
6.57,116.6,41.0,Damaged
0.89,3.8,17.4,Healthy
2.88,192.8,40.6,Damaged
4.57,263.8,41.2,Damaged
6.79,204.9,31.5,Damaged
3.28,228.4,48.8,Damaged
6.51,196.0,43.0,Damaged
2.46,100.5,15.7,Healthy
1.12,113.2,26.7,Healthy
5.47,213.5,37.1,Damaged
5.03,178.7,61.5,Damaged
2.79,82.2,31.7,Healthy
3.42,256.3,36.7,Damaged
1.96,88.9,17.6,Healthy
3.24,164.3,29.6,Damaged
1.32,104.8,21.6,Healthy
6.29,175.8,39.4,Damaged
1.22,82.5,32.3,Healthy
7.26,281.7,34.1,Damaged
4.34,286.6,36.9,Damaged
1.24,70.6,29.2,Healthy
1.48,47.4,25.6,Healthy
5.3,156.0,55.0,Damaged
4.93,161.5,41.1,Damaged
2.23,133.3,32.5,Healthy
2.04,101.9,34.6,Healthy
1.83,67.3,19.2,Healthy
5.71,193.6,50.7,Damaged
2.16,58.4,22.1,Healthy
4.47,204.4,18.5,Damaged
4.93,166.5,47.6,Damaged
1.47,109.4,17.5,Healthy
7.77,185.2,37.2,Damaged
4.36,217.6,48.3,Damaged
4.46,286.3,45.5,Damaged
1.11,106.2,18.3,Healthy
2.52,50.3,25.2,Healthy
1.68,80.4,33.5,Healthy
5.83,229.1,36.0,Damaged
3.57,47.8,31.1,Healthy
6.95,231.9,29.6,Damaged
2.74,61.2,26.7,Healthy
1.96,53.3,35.9,Healthy
5.12,321.8,33.4,Damaged
0.0,48.3,29.3,Healthy
1.98,71.2,16.4,Healthy
0.74,48.8,22.9,Healthy
1.56,89.2,37.5,Healthy
3.01,207.1,37.7,Damaged
6.86,165.3,31.3,Damaged
1.86,99.3,33.4,Healthy
4.16,160.9,26.2,Damaged
2.98,91.0,23.4,Healthy
3.47,214.7,40.3,Damaged
5.1,269.0,36.4,Damaged
0.93,109.6,29.3,Healthy
1.8,84.8,31.3,Healthy
5.1,183.3,32.2,Damaged
4.25,233.1,46.5,Damaged
1.7,81.9,29.8,Healthy
1.95,60.8,20.6,Healthy
2.13,120.9,31.4,Healthy
1.01,276.0,37.1,Damaged
2.58,295.4,24.3,Damaged
0.55,92.7,31.9,Healthy
1.93,88.8,24.9,Healthy
0.85,99.8,15.7,Healthy
4.29,263.6,54.4,Damaged
1.91,30.1,21.7,Healthy
2.53,112.8,31.4,Healthy
1.53,56.9,24.3,Healthy
2.39,99.6,20.2,Healthy
3.58,220.2,32.0,Damaged
0.68,70.0,37.8,Healthy
2.78,89.3,20.6,Healthy
3.03,258.7,9.5,Damaged
2.56,152.7,22.2,Healthy
1.96,41.5,33.4,Healthy
1.47,57.1,27.0,Healthy
7.12,208.0,50.6,Damaged
6.46,239.5,43.4,Damaged
7.33,323.0,30.5,Damaged
1.27,66.4,13.7,Healthy
5.89,136.3,50.2,Damaged
2.79,105.3,23.1,Healthy
1.86,121.5,19.6,Healthy
2.97,143.2,35.3,Healthy
1.7,78.2,26.6,Healthy
1.84,152.3,30.8,Healthy
2.45,90.6,31.7,Healthy
2.36,186.2,15.7,Damaged
7.4,194.7,29.7,Damaged
4.14,313.9,49.3,Damaged
6.26,247.8,33.7,Damaged
4.68,189.8,21.3,Damaged
1.78,90.1,30.5,Healthy
4.35,240.6,37.4,Damaged
4.42,210.3,29.6,Damaged
1.42,116.5,19.6,Healthy
3.36,174.8,27.1,Damaged
5.49,116.1,52.2,Damaged
5.15,172.7,26.5,Damaged
1.58,98.4,21.0,Healthy
1.64,113.0,22.3,Healthy
2.99,82.4,19.1,Healthy
2.45,218.0,49.6,Damaged
4.95,275.3,41.5,Damaged
1.71,136.3,26.6,Healthy
1.69,99.7,26.9,Healthy
3.39,186.4,31.7,Damaged
5.8,245.2,42.9,Damaged
5.26,174.5,56.5,Damaged
7.63,216.7,40.3,Damaged
4.74,157.2,40.0,Damaged
2.54,148.2,13.5,Healthy
1.61,104.1,28.6,Healthy
7.63,299.6,28.2,Damaged
1.46,112.6,24.8,Healthy
1.01,124.5,37.3,Healthy
2.34,102.6,19.0,Healthy
6.96,186.0,40.3,Damaged
7.66,242.9,40.9,Damaged
5.6,155.0,32.2,Damaged
1.27,58.7,27.0,Healthy
5.47,157.3,35.6,Damaged
2.38,109.9,31.2,Healthy
3.87,266.7,14.1,Damaged
1.37,125.6,33.1,Healthy
3.52,224.2,31.1,Damaged
1.27,112.3,24.2,Healthy
0.78,81.6,24.8,Healthy
4.81,182.7,59.7,Damaged
1.57,64.5,33.7,Healthy
3.08,263.7,37.4,Damaged
1.36,87.6,25.7,Healthy
3.06,41.9,21.3,Healthy
2.16,93.5,25.5,Healthy
8.31,152.0,37.8,Damaged
2.16,108.4,27.0,Healthy
0.88,89.8,39.1,Healthy
1.04,93.8,32.1,Healthy
1.68,91.3,22.8,Healthy
2.75,81.3,27.1,Healthy
1.78,60.0,21.0,Healthy
3.15,127.6,14.3,Damaged
5.42,201.8,46.9,Damaged
6.53,230.0,54.0,Damaged
1.62,139.8,19.2,Healthy
2.0,68.5,20.3,Healthy
6.08,158.1,30.7,Damaged
1.67,122.4,29.9,Healthy
2.14,91.9,22.4,Healthy
1.8,72.9,30.4,Healthy
1.5,102.3,23.3,Healthy
1.05,90.8,35.9,Healthy
0.82,125.6,24.7,Healthy
5.84,206.4,31.0,Damaged
4.19,259.0,52.6,Damaged
4.52,247.6,39.7,Damaged
2.23,77.1,37.6,Healthy
2.05,119.9,22.9,Healthy
1.16,75.5,42.9,Healthy
6.37,153.5,39.8,Damaged
2.32,51.6,26.2,Healthy
5.72,219.4,45.0,Damaged
1.29,99.6,31.8,Healthy
3.33,95.8,39.1,Healthy
2.0,106.5,24.3,Healthy
2.63,71.7,39.6,Healthy
2.14,164.8,29.8,Healthy
2.14,73.1,18.0,Healthy
4.46,111.5,35.3,Damaged
4.46,278.9,46.6,Damaged
1.76,99.1,25.6,Healthy
5.85,225.6,38.9,Damaged
5.42,268.7,38.3,Damaged
0.63,106.1,29.6,Healthy
2.37,87.3,34.8,Healthy
0.59,87.1,25.4,Healthy
5.57,305.6,40.8,Damaged
5.77,217.9,28.1,Damaged
1.85,150.4,27.5,Healthy
1.23,80.7,27.0,Healthy
1.75,97.2,30.1,Healthy
1.73,71.8,28.5,Healthy
1.26,162.1,25.4,Healthy
1.95,75.8,24.3,Healthy
3.89,254.0,34.4,Damaged
1.79,77.1,27.6,Healthy
1.58,73.4,36.3,Healthy
1.76,124.5,21.9,Healthy
1.31,103.2,26.5,Healthy
5.87,247.8,33.2,Damaged
7.75,213.3,37.0,Damaged
1.24,12.3,29.2,Healthy
7.55,272.7,29.9,Damaged
0.76,87.3,31.0,Healthy
1.89,115.6,32.6,Healthy
4.01,147.6,38.3,Damaged
2.19,3.1,26.1,Healthy
2.35,4.5,28.7,Healthy
1.26,115.6,20.2,Healthy
1.38,119.8,25.9,Healthy
1.31,70.6,25.0,Healthy
6.58,162.7,54.6,Damaged
1.51,107.7,36.2,Healthy
7.33,214.4,13.0,Damaged
6.38,206.5,23.8,Damaged
7.59,257.9,34.8,Damaged
3.55,228.9,37.4,Damaged
3.08,187.4,37.4,Damaged
1.14,58.8,28.3,Healthy
2.38,103.2,23.3,Healthy
0.7,80.3,20.3,Healthy
1.83,80.3,30.2,Healthy
7.1,263.6,43.1,Damaged
4.63,236.4,43.1,Damaged
2.48,28.7,27.0,Healthy
4.23,247.0,50.0,Damaged
1.9,66.1,19.1,Healthy
2.64,72.6,23.2,Healthy
4.62,185.1,40.2,Damaged
1.29,126.5,35.8,Healthy
1.72,131.3,24.5,Healthy
0.46,137.3,32.4,Healthy
1.81,127.4,23.9,Healthy
2.33,113.4,22.7,Healthy
3.11,105.2,25.4,Healthy
6.02,225.0,39.3,Damaged
2.38,51.2,25.8,Healthy
1.77,86.9,37.9,Healthy
2.83,122.2,26.2,Healthy
0.0,60.0,28.8,Healthy
3.87,127.2,47.9,Damaged
1.16,79.5,29.8,Healthy
5.23,236.6,18.0,Damaged
2.41,83.7,17.9,Healthy
4.87,189.7,49.9,Damaged
1.63,95.3,24.7,Healthy
4.14,114.2,35.6,Damaged
0.74,84.1,29.6,Healthy
4.8,163.9,39.9,Damaged
1.67,68.2,29.0,Healthy
1.99,129.8,25.1,Healthy
4.35,193.7,54.8,Damaged
2.95,134.1,20.5,Healthy
1.22,85.9,20.4,Healthy
1.27,119.6,23.6,Healthy
3.29,70.8,23.1,Healthy
1.64,59.2,27.5,Healthy
3.77,202.8,43.0,Damaged
0.96,95.5,28.2,Healthy
2.88,213.2,33.2,Damaged
1.94,39.2,30.7,Healthy
4.57,202.5,31.9,Damaged
6.65,243.1,43.6,Damaged
1.91,50.1,36.2,Healthy
1.58,82.8,25.9,Healthy
3.44,227.1,35.3,Damaged
1.45,59.6,28.5,Healthy
3.07,106.4,25.6,Healthy
2.78,119.2,45.5,Damaged
0.71,82.3,19.6,Healthy
1.24,140.9,30.5,Healthy
5.11,283.3,40.1,Damaged
6.2,202.6,29.0,Damaged
2.03,116.3,29.5,Healthy
2.19,127.0,29.5,Damaged
1.79,73.3,29.6,Healthy
3.85,204.4,52.5,Damaged
2.23,89.2,16.3,Healthy
1.16,72.8,31.5,Healthy
5.5,241.3,47.3,Damaged
10.7,297.1,27.7,Damaged
6.42,277.4,35.6,Damaged
3.99,249.2,50.1,Damaged
1.94,139.2,19.9,Healthy
7.21,201.2,44.6,Damaged
5.04,201.1,29.2,Damaged
